<?xml version="1.0" encoding="UTF-8"?>
<project-private xmlns="http://www.netbeans.org/ns/project-private/1">
    <editor-bookmarks xmlns="http://www.netbeans.org/ns/editor-bookmarks/2" lastBookmarkId="0"/>
    <open-files xmlns="http://www.netbeans.org/ns/projectui-open-files/2">
        <group>
            <file>file:/home/aluno/Área%20de%20Trabalho/Interpetrador/src/statical/SyntaticalAnalysis.java</file>
            <file>file:/home/aluno/Área%20de%20Trabalho/Interpetrador/src/command/PrintCommand.java</file>
            <file>file:/home/aluno/Área%20de%20Trabalho/Interpetrador/src/value/RefArrayValue.java</file>
            <file>file:/home/aluno/Área%20de%20Trabalho/Interpetrador/src/command/AssignCommand.java</file>
        </group>
    </open-files>
</project-private>
